prediction,ground_truth
am samstag ist es im südosten und südosten freundlich,morgen temperaturen von achtzehn grad an der küste bis sechsundzwanzig im breisgau
im südosten und südosten ist es im südosten freundlich und es gibt nebel und es gibt nebel,morgen erwartet uns nochmals recht ruhiges und vielerorts trockenes winterwetter
im südosten und südosten gibt es nebel und schnee und schnee und schnee,der hält sich morgen in manchen regionen zäh auch dichtere wolken sind zunächst noch dabei aber es bleibt weitgehend trocken
am samstag regnet es im südosten und südosten teilweise kräftig,im norden mäßiger wind an den küsten weht er teilweise frisch
am samstag wechselhaftes wetter im norden und südosten deutschlands,das tief bei schottland sorgt zusammen mit kühler luft auch morgen für wechselhaftes wetter
am samstag regnet es im norden und südosten im südosten und südosten gebietsweise schnee,dreh und angelpunkt ist nämlich dieses tiefdruckgebiet über dem nordatlantik es schickt uns den regen letztendlich erst einmal nach norddeutschland aber dann heute nacht mehr und mehr in die mitte
und nun die wettervorhersage für morgen dienstag den dritten juli,das hoch über skandinavien verlagert sich ein wenig nach osten
ihnen einen schönen abend und machen sie es gut,im nordwesten sind kurze gewitter möglich
ich wünsche ihnen einen schönen abend und machen sie es gut,mancherorts werden damit die höchsten temperaturen der woche erwartet
im südosten und südosten gibt es nebel und es gibt nebel und es gibt nebel und es gibt nebel und es gibt nebel,am dienstag in der südhälfte weitere schauer vereinzelt auch gewitter in der nordhälfte freundliche abschnitte
im südosten und südwesten ist es sehr windig,besonders im südlichen bergland einzelne wärmegewitter
im südosten und südosten ist es freundlich,im südosten regnet es teilweise länger
im südosten und südosten gibt es nebel und schnee und schnee im südosten gibt es auch schnee,am sonntag wird es wieder unbeständiger mit einzelnen schauern und gewittern die örtlich heftig sein können
im südosten und südosten ist es freundlich und es gibt nebel und es gibt nebel im südosten nebel und südwesten nebel,schwacher bis mäßiger auf den bergen in böen auch starker wind in der nordhälfte aus ost bis nordost sonst aus unterschiedlichen richtungen
und nun die wettervorhersage für morgen sonntag den dritten juli,das hoch gewinnt wieder an kraft und beschert uns am wochenende viel sonnenschein bei meist sommerlichen temperaturen
und nun die wettervorhersage für morgen sonntag den fünfundzwanzigsten juli,am tag zwölf grad an der ostsee und bis zwanzig grad in niederbayern
und nun die wettervorhersage für morgen dienstag den ersten juli,und nun die wettervorhersage für morgen freitag den vierundzwanzigsten juli
ich wünsche ihnen einen schönen abend und machen sie es gut,der wind aus süd bis west weht schwach bis mäßig
am samstag ist es im südosten freundlich,an der nordsee sowie auf den bergen schwere sturmböen
am samstag ist es im südosten teilweise freundlich,später breiten sich aber nebel oder hochnebelfelder aus
